173,222,222,301,43.783,-458
-256,-243,-154,69,-271,406
131,453,-2.496,134,-500,-85.629
-305,206,266,-371,-432,239
48.946,-210,142,-267,-440,-144
-189,-69,211,-249,82,435
-53,-1,-468,59.604,7,-217
130,-99,-19,-39.244,36.316,24
-457,-379,-97,90,-335,272
-53.626,-16.804,-27.118,29.934,26,-274
326,309,-173,401,-177,-72.326
84.339,380,158,-99.202,403,-174
-248,-85.48,-319,-302,462,-66.128
-445,-96.142,-84.121,-95.663,38.849,-35
361,-94.239,-497,56,-413,-67
395,-322,-316,-115,-319,-313
172,-6.915,102,288,-117,-20.713
102,16.662,-70.26,-381,131,-38.963
288,-3.967,-372,228,433,27
-6.55,139,-86.217,-361,486,-494
-8.867,-273,-99,-235,-12,-486
-94.083,-5.229,474,-20,-149,-95.466
-312,-8,394,85.901,94.812,87
-184,74.002,353,489,460,289
-80.632,108,30,-69,-65.81,478
-62.176,97.741,-366,-348,-15.441,-20.94
-475,-287,308,-238,-73.075,-149
-278,-37.813,-48.782,-158,-151,-94.432
-48.412,-410,265,-418,-36.61,391
-200,-385,153,-448,-410,100
174,365,16.687,-477,29.243,-483
66.756,234,322,60,341,56
-178,-380,2.893,285,-71.142,488
-252,-480,-225,2.887,-180,96.598
-425,-323,-402,54,21,-157
-418,84.661,89.336,26.686,-169,-98
-487,54.308,-234,-429,-282,-121
64.84,-413,72,-277,190,83.3
-293,-266,54,108,23,228
59.87,14.769,-432,7.525,266,191
38.084,258,383,21.034,75,-484
98,81.613,302,-141,285,-431
-241,-335,134,234,-276,440
79,77.164,-173,-1.897,-431,81.39
8.885,-31,447,88.157,-333,169
24.986,-92.368,-59.005,-222,-67.123,-89
-206,351,68.252,-322,-118,-2.364
11.827,307,-43.761,-252,469,-409
-209,-27.517,224,-175,-37.208,-324
-453,-8.748,-118,406,277,465
16.785,263,-497,120,188,-497
58,52.932,-316,-61.598,-16,407
60,-35,-38.938,88,-148,-74.619
-245,-64.498,67.491,-218,288,-387
-470,182,152,21,441,18.795
-86.589,-105,187,375,378,53.779
-370,399,-234,123,-35.004,211
84.919,328,86.401,430,43,-94
-313,114,40.051,183,-438,-430
-298,-21.991,-498,450,-79.116,63
353,-42.701,252,11.323,-319,-94.014
375,185,-447,101,6.075,-12.819
28.505,-133,-217,393,61.17,364
-48.194,466,-224,-483,-406,314
-182,-323,-0.758,-96,-322,-207
464,-385,199,352,-417,72
-477,341,351,-30.1,-84.479,134
24,39,-75,74,28.84,-8.959
-145,-29,-285,-80.033,-207,242
-78,-116,194,15,91.009,140
-408,440,-463,-451,-116,-59.286
-8,-20.305,469,-5,315,231
-75.466,-67.699,-198,-413,-58.191,-32.323
46.672,-41,-55.198,-57.73,120,221
59.622,-59.202,461,175,22.701,-417
-147,310,0.479,378,-491,-294
-221,329,24.365,368,71.613,-380
-278,322,-431,46.012,93,-61.836
-25.194,-13.312,69.178,237,58.539,-261
-208,-486,467,304,28.595,322
-499,-31.265,-7.325,-21,407,441
-258,451,284,387,94.519,-452
73.944,-33.236,-141,-50.765,151,6.132
255,-227,-332,-388,83,-4.516
200,-276,-128,64.752,-420,-57.534
-3.266,356,66,-4.991,-289,-55
-27.173,-197,-80.534,-26.169,-52.77,-486
-136,94.12,-439,-97,-30,-350
-418,300,44.554,-333,390,-269
18.903,-43.46,272,45.119,-80.814,306
-339,212,87.217,-58,370,-113
-214,81.16,367,-198,269,-494
282,460,93.077,274,-66.893,90
-56.111,418,-452,-337,14.929,-42.817
250,-280,-14.043,-430,477,215
77.782,-59,253,30.76,-110,-12.482
-127,-95.517,-261,-82,9.836,-270
167,2,-206,76.119,50.043,62.424
-357,-71,-31.096,-35,-417,-113
-70.727,40,-33.79,-43.603,15.43,5.872
54,47.392,-315,-8.391,-237,56
79,-17,0.688,489,335,391
-177,-405,-112,-10.757,307,-91.77
53,290,-69.9,18,-362,-129
135,-214,-250,282,-82.911,-235
-477,-96.812,135,-112,-401,78
-83.348,-243,329,123,94,29.809
121,202,123,-451,-19.335,75.895
3.273,-91.819,-48.35,20.844,305,-108
-168,-216,-272,-48.411,-55,-240
-261,173,-62,448,98,-32
-106,22.53,197,-349,26.814,413
2.545,-13,157,-99.863,390,-444
325,263,-195,-87.159,81.333,187
254,-68,-95,24.869,202,-35.408
-368,92.383,-341,-96.362,13.116,-457
31,-470,-276,-280,286,-317
54.631,67.771,238,-408,-208,273
-141,-382,-67,43,72.134,-133
26.554,-403,387,460,31.075,112
337,-182,-229,-215,-0.094,158
473,-243,226,6.791,-499,82
218,-44.652,-71,396,-68.637,-15.442
-94.187,-49.176,2.144,-31.117,339,-1.244
8,-134,-319,-473,199,-234
-483,390,45.407,17.653,-112,144
-68.771,361,-414,-8,201,-157
5,58.137,-87.015,-67.704,303,78
264,-53.862,-405,107,-77.472,217
100,472,-446,47,-89.041,-339
9.035,66.543,48.675,82,-14.688,-415
-271,457,-54,213,95.036,-55.549
94.826,-230,-0.72,364,-69,295
42.146,-55,45.673,163,67,274
71.638,453,-115,151,358,-374
-269,-168,11.891,-338,349,-464
111,99.217,-275,-326,16.166,438
237,-143,419,155,191,-238
191,13.294,-113,68.066,-53.549,91.583
-333,168,-339,-53.34,-264,35.946
-231,-214,-90,41,137,-21.816
431,70.77,22.452,63.239,-273,14.964
-7.098,-317,-81.9,-343,43.145,95.917
20.241,149,-58.705,-210,11,473
15,-0.022,-90,-397,-81.22,92.943
202,44.089,-216,49,116,-499
27.054,-33.4,-27.051,-53.565,-17.969,-304
108,122,180,-59.689,-41.17,405
-360,-150,-83,-483,-19.916,64
-400,7.788,15.969,-117,-73.118,174
-10.675,337,-263,228,73.607,476
-259,-12.557,90.975,363,82.234,-327
249,-37.544,-6.485,463,21.53,298
49,48,67.292,47.715,-333,39.132
-65.878,430,63.005,104,250,44.264
-438,358,-7.524,47,12,-34
4.137,259,-83.684,214,-367,16.105
-231,64,-65.749,-266,-112,-358
368,150,31.138,360,-251,-9
93,30.216,-150,2.61,356,413
40.34,-169,-444,110,24.54,-164
-182,412,-363,-53.087,8.364,231
278,85,-343,-87,-97.563,86
21.897,16.197,303,-411,193,-77.721
424,54.533,4.331,-238,473,-74
146,15.851,-98.59,107,-97.053,400
-320,9,-319,-21,-99,238
399,72.044,-9.818,6.537,85.802,-67.326
125,-165,90,378,79.628,32.464
-439,-83,-172,427,185,-423
146,26.384,-53.578,411,-205,278
-111,-461,-441,59.174,-59.748,61.542
246,-442,438,66,-412,133
-94.873,-21,74.106,295,-439,64.08
75.878,-325,-114,22.211,-106,-11.041
34.564,340,0.611,181,-14,-25
-191,-394,-159,209,287,-55.872
-55.93,-55.419,-109,222,-87.471,-10.204
266,275,38.628,-327,173,500
-460,96,188,90.927,279,91.339
127,368,-424,361,391,402
89,-57.327,-74.227,35.105,-228,181
-339,-163,-331,4.334,-91.349,289
165,-382,-268,268,-89.051,-343
267,-479,478,302,-17.086,174
141,202,-175,-29.357,-371,36
87,-18.172,467,-19,123,93.222
-41,94,33,60.531,265,36.591
19.029,-10.45,205,-349,-91,76
-61.165,-109,-490,-133,280,-81.24
-238,-391,386,-145,11.857,72
-102,-56.554,-63,497,-350,43
29.947,-186,52,-334,377,190
-92.153,-465,11.511,170,-171,-460
31.687,38.093,-13.651,-317,-14,-71
-4.324,277,429,394,-387,161
-419,-9,95,54.318,-114,-373
-415,189,-106,-445,220,475
430,76.711,-333,-81.87,236,23
49.489,-68.241,-23.948,32.511,57.578,-194
