342,-53.424,93,173,-140,339,-60,-338,385,269,418,204,57,-7,-241,-95,399,28.261,454,313,272,313,-33,14,40.474,7.958,-272,-72,2.476,470,239,-47,-262,20,-408,-39.783,53.547,-466,-154,342
236,-58,-54.222,93.362,93.32,8.89,-242,-89.121,-240,-36.177,-205,1.521,80.114,-210,71.358,-425,-4.545,263,56.409,36.798,-82.514,258,42,-51.146,33.405,41.587,225,489,-84.166,-48.025,27,13.811,31,-427,26,-72,233,52.328,287,450
462,-99.975,95.241,-293,-88.571,136,-82.916,61.308,82.378,397,-353,-279,-83.138,6,30,-42,-343,-466,-2.257,-232,310,412,-392,299,101,409,-479,37.617,-0.436,65.865,283,-168,79.453,18.274,30,-45.025,-74.85,50.294,86.343,224
437,27.319,-40.002,-291,340,-231,16.623,36.957,57.938,242,102,-339,-90.132,84.636,247,-25.552,-431,186,-96,51.495,-356,63.538,-440,452,45,10.279,427,68.242,-417,-93,-83.337,93.26,-376,62,87,43.435,-364,169,340,188
58.083,-328,69.564,9,204,-95.849,79.175,-42,-384,42,-92,46.644,472,-495,54.444,5.772,34.182,-69.165,38,89.341,-89.081,-42.132,86.566,18.752,-82.807,113,6.179,-43.653,-31,30.034,23.238,-54.828,-6.058,37.604,-432,-259,-9.071,-52.027,446,-456
-77.989,-7.376,-12.496,-322,-52.509,-97,-89.931,91.88,-80.605,-67.7,-24.998,-99.764,97.884,-20.125,-339,265,70.055,256,291,46.63,41.886,-13.28,-449,64.085,48.518,-81.233,82.397,-240,91.244,55.922,353,499,215,297,78.345,-32.458,487,57.215,82.86,305
58.675,-326,-50.428,-28,-230,-56,79.074,-424,-98.475,-315,-122,-412,494,350,73.624,-69.228,53.9,-26.966,-3.197,448,-2.964,8.936,474,98.553,-106,86.376,-70.492,-434,77,-19,445,1.398,2.632,238,385,60.624,68.264,-251,2.849,-193
-93.854,171,-166,382,225,-78,92,471,-51.477,17,20.838,438,91.369,374,29,-176,284,17.763,429,-127,-498,100,17.504,314,232,-425,-4,81.761,391,236,-50.207,281,59,35,325,273,172,-70,-452,19.963
47.134,-76.639,-16.2,-34.374,246,333,-455,61.351,-75,49.01,-62.562,-277,-35.719,-485,93.522,89.616,0.244,222,-152,-54.748,-25.811,-73.934,-449,-57.088,37.584,-96.842,350,292,35.569,72.272,-20.083,35.229,46,-14.689,327,-371,-18,-16.98,27.959,-418
-1.498,34,119,59.892,-75.885,256,181,317,300,34,-382,449,73,-87.841,145,351,-113,-299,32.602,-33.653,440,128,-51.832,-23.449,-427,-45.371,-68.6,-8.132,59.831,-43,-79.791,96.694,-418,-361,90.97,-18.046,16.562,-300,354,-29.508
-254,50.836,-2.649,168,89.45,206,493,-333,-144,-31.857,88.162,-93.55,-352,9,120,-18,-180,-395,-39.88,-50.112,237,41.15,43,46.229,84.17,-29,-2.781,-38,22.586,-246,28.496,461,-84.074,-482,307,46.178,266,-52.072,-297,-47.599
-4.827,55.754,-20.8,64.043,9.685,45.372,-31.134,441,-39.611,215,-456,462,-11.519,-437,141,-76.414,53.664,330,306,-54.644,350,496,16.268,40.377,27.51,93.688,-18.664,-92.26,-90.413,57.564,-89.743,-328,-68.158,-11.283,-21.612,208,-13,7.184,-31.322,-59.802
102,-44.261,-23.672,62.705,252,-94.946,233,-53.538,-12.923,-105,28.524,-41.424,-35.077,-14.959,-424,-129,68,-57.758,245,5,57.769,-74,-20.457,40.132,-153,-337,253,361,11.364,62,28.515,-499,19,446,-197,-50.957,-380,82.03,-489,-37.378
14.262,392,446,-214,21.289,48.391,-329,436,-176,-441,91.75,3.876,70.989,71.676,358,-9.803,80.592,36.009,71.076,-30,-16.295,-354,-98.519,399,-98.966,-6,-31.82,-65.586,-369,35.912,24.479,-69.547,16,-83.219,147,305,-73.72,469,-33.738,86.774
-77.9,-229,37.348,8.283,71,-189,351,36,422,-354,-75.15,98.614,-87.292,-71.384,486,-15.299,19.554,0,197,-87.089,433,-159,-47,69.692,228,96.053,63,32.729,-164,-496,1.619,-11.026,-141,-249,-90.997,76.134,29.716,74.511,-459,2.515
-69.702,-44.263,-356,114,-95.844,364,-412,-3.364,-473,-188,125,-87.004,350,39.982,466,-16,309,-26.942,-16.146,-414,-356,227,5.179,458,-29.942,-2.217,96.152,-303,36.608,27.566,-51,38.83,-110,78,-263,85.49,-55.86,-272,-54.909,51.619
-1,211,46.231,-56.855,-98,-397,280,66.016,38.13,-33.908,37.224,-110,200,-1.076,-39.532,406,-5.533,-343,-435,-4.29,4.813,-86.245,446,-17.693,-12.531,423,-42.98,-293,2.937,-13.959,-91.571,-160,-24.078,-61.618,36.323,-56.141,-439,66.227,-258,-10.85
15.531,-56.8,79.756,-16.991,-96.525,-34.748,-94.765,89.212,46.646,344,-151,-348,-83.661,-34.395,11,-99.284,-419,269,450,242,92.332,352,-218,11.448,-460,195,42.355,14,250,77.571,26.714,-391,17,-9,33,-474,-3.17,-411,-222,-32
-41,21,159,22.382,-464,162,299,-165,77.482,-151,28.367,422,55.724,-24.284,9.271,-281,6,-94.899,169,-239,-63.08,-303,62.214,-104,367,52.945,-239,-61.473,112,-86.223,-15,-22.292,429,10,153,-12,54.44,-68.267,-151,409
-424,-34.113,-386,-33.783,77.767,24,-476,-90.22,88.15,-248,87.81,-1.299,-86.321,48,-238,-25,-42.549,-18.256,52.485,99.337,-15.52,92.231,9.46,-234,32.314,206,1.574,-75.39,313,44.621,-82.337,-6.262,-39.428,-249,10.058,2.014,61,190,64.368,-179
-416,33.413,-252,21.321,-70,-122,-442,-4.693,461,-31.048,246,431,-80.122,-270,70.226,-71,323,-163,-158,-36.191,-336,-361,-199,4.301,-390,38.787,59,-142,-160,-85.406,-70,-90.916,-69.093,90.01,10,-33.902,-51.264,-446,-60.568,-67.429
-73.206,-223,-258,316,-24.734,302,359,5.781,89.824,56.245,24,6,-87.574,463,-33.181,231,-233,-493,240,460,-133,92.078,193,71.561,-433,318,42.743,-358,-371,453,68.887,-16,50.209,23,11.259,-74.711,-263,-9.859,42,110
22.348,88.421,-27.239,75.046,-7,-477,68.488,58.579,106,7,98.494,7.206,-31.492,-57.101,-78,106,22.272,6.893,206,-24,36.134,-61.008,179,312,314,-120,-238,58.902,-86.13,-86.993,90.19,-37,-90.873,312,395,482,301,20.689,89.803,-76.113
-88.547,-397,-96.606,70.991,86.218,448,-489,7.126,-462,64.829,-7.862,3.303,458,-38,-33.489,65.413,272,-201,-84.695,22.153,-41.721,77,-71,-55,-41.827,-406,238,-93,-65.454,-24.279,264,-74.023,29,56.304,-20.883,-37,84.384,-75.752,387,-447
-62.151,274,21.78,-263,-24.977,31.839,159,-31.738,-40.298,364,-97,79,-288,-94.423,-301,-32.22,-56.568,-198,-70.723,50.13,-20,254,-143,130,499,99.436,50.718,303,261,396,-87.903,-15.134,61,146,99.368,-186,-17.682,-4.824,32.872,-19
1.114,-36.217,-414,259,-4,403,-67.712,54.13,240,88.595,-241,54.031,62.126,320,35.991,-91.163,0,-60.551,199,-353,-499,-48.787,-77.997,312,161,86.041,-446,-94.952,213,-191,-90.414,71.902,19.226,3,-8.396,-48.498,458,-15.223,44,148
-38.322,91.359,-42.047,85.971,-4.127,-440,413,61.806,-14.747,-54.649,468,-347,19.239,102,-214,-42,-56.245,-221,188,481,172,-354,19.172,-8.021,195,61,-339,413,-124,1.774,-370,40,-319,4.6,391,9.15,-34.738,391,295,308
-6.893,27.635,-84,-462,-137,-231,148,-8.622,95.471,65.503,-96,-129,51.257,212,35,80.624,36.335,-331,-442,-351,66.692,-470,422,94.643,485,13,-69.114,149,19.489,-1,-492,-60,-98,-21.832,89.416,-54.106,-22.057,193,-386,75.585
17.618,-128,-384,-144,44.281,-99.863,-40.112,151,57.837,-71.908,-428,83.266,5.34,59.262,163,-213,-62,77.668,-20.785,122,-67.288,-17.842,-7.839,-95.538,78.084,-467,47.297,49.526,73.488,-75.179,-191,82.361,-309,-150,12,-294,-59.27,-62.536,75.757,73
2.988,-125,100,67.019,-76.68,44.869,84.071,-23.724,-37.454,-10.896,-255,-315,8.234,-180,-255,48.392,316,27.754,72.146,89.254,-29,17.154,70.692,457,65.317,264,-74.432,40.39,-11.7,169,158,86,-5.83,324,-14,36.02,-37.961,-267,58,95.869
15.589,7.294,-57,-9.973,-11.322,95.606,91.07,-116,273,388,-98.673,-20.073,25.076,-451,301,20.638,65,56,-43.794,336,51,0.587,-170,-30.501,214,-28,-85.034,-16.421,-86.347,-127,211,-72.322,-4.869,-129,-422,24.792,-62.054,66,-33.061,-20.676
409,-52,-32.474,46.995,-56.285,432,135,19.519,94.55,232,-370,72.437,91.11,-28.079,-438,-51.836,6.207,-132,-390,-136,374,-229,98.359,-491,-50,143,63,-86,-356,-259,-400,-289,-167,-42.89,13.036,-306,475,-457,-46.545,51.169
81.344,46.62,-274,13.098,79,-91,32.524,66.17,46.249,-395,84.821,-33,-51,-15.804,-16.485,-7.958,-323,-462,-378,90,86.804,48.203,490,27.039,93.431,383,210,-58.12,-53,75,397,21,-288,162,28,-12.486,-234,306,-52.741,93.685
70.134,78.128,64.271,-383,290,-194,-148,-94.816,-467,-443,-381,470,4.225,162,71.603,13,17.155,-189,31.984,-398,136,30.758,40.179,-269,93.433,78.864,69,-276,89.144,-21,-412,-62.452,-390,-411,-2.278,-75.033,0.301,-77.142,13,-85
4.801,-56.669,-347,-92.394,-9.897,-65.43,49.71,21.352,29,6.916,-312,-64.439,-5.577,69.803,474,86.806,-499,-59.966,66.018,-8.239,-123,265,26,-433,59.154,-32.954,109,-433,-261,66.208,7.586,-403,-66.634,72.661,-21.468,163,-96.577,-148,-38.912,27.154
-45,-73.791,309,-315,-372,32.972,-60.238,-14.439,-50.158,-92.538,57.176,-224,-277,-78.4,420,345,-102,-21,-376,5,-18.013,338,85.669,-38.176,-45.669,-129,281,54.049,51.016,54.255,-274,300,-13,90.786,-38.752,-88.875,17.054,-7,-394,43.414
-86.269,324,-87.239,-212,-72.513,-284,-56.403,-51.39,328,272,-43,-42.21,498,75.806,-410,-344,-35,-96.522,65.754,-282,-89.429,-12,-497,-22.844,89.445,-185,-164,499,245,-77.813,-161,-75.698,42.915,-287,283,151,85,-88.173,48.798,19.035
-30.365,215,-398,-197,-87,-26.313,-46.888,250,462,-74.345,256,-269,-59.842,-34.107,38,60.736,-463,9.971,33.796,17.729,-94.201,-16.936,-18.845,39.193,42.812,-14.217,55.093,-257,52.77,36.015,32.333,-253,-105,422,-31.589,-5.112,-250,418,322,-293
-462,80.517,134,66,34,177,-379,-16.809,-157,16.939,-391,-86.563,53.393,-85.081,63.191,-45.033,437,-85,-65.445,-346,-91.19,49,-462,15.428,84,-25.914,-49.97,-94.159,-11.326,84.542,83,42.586,88,-475,233,95.757,30.611,362,251,34.361
262,65,316,89.856,-19.768,-31.876,-272,413,459,-77.639,-57.766,-3.629,-205,-337,-7.784,-5,-12.604,-89,214,-25.119,28.45,-38.243,384,3.29,-21,-418,139,-87.691,-0.574,-7.304,29.933,236,68.487,-117,-255,38.582,258,-331,0.559,168
13.831,382,76.809,-80.86,379,-427,29.66,-172,-390,130,69.056,163,-50.539,91.765,-168,-288,-256,-55.147,-239,-209,18.419,99.507,181,68.907,97.463,63,26,156,35.878,-145,365,54.406,-373,-30.877,-74,397,51,-72.872,-447,-19
36.19,-277,-24.077,-7,-30.068,34.667,-303,-100,290,-31.116,-155,-9,46,45.409,66.58,411,-179,69.836,366,-469,-72.58,-5.551,30.434,465,489,243,41,-316,58,-18.399,33,-11.42,253,-50.24,-23.074,85.49,33.461,-453,-445,4.827
-7.107,-64.979,21.44,-97.613,357,26,27.847,-48,29.49,53.263,-217,-33.664,190,-227,373,69.62,106,-481,3.4,81.852,297,-6.654,-53.439,138,-30,-58,96.603,-58.337,300,106,488,-442,-188,96.871,169,-53,-42.455,-98.798,-409,-59
91.183,-88,-343,-227,474,69,-115,35.384,92.288,-92.28,217,163,-41.377,269,9.263,77.074,29.706,236,-0.954,75.887,-316,19,72.167,-224,-32.036,44.932,-84.633,-62.011,51.716,356,-96.224,-465,-191,336,-32.329,-79,-51.935,42,97.338,-60.018
-41.397,77.015,-489,67.497,-55.98,-81,75.977,53,-31.061,8.7,37,11.084,-236,65,19.515,-417,63.76,-83.842,-90.18,178,114,-8.067,78.798,-76.581,-72.642,23.91,74.614,-434,319,-46.611,39.561,-63.347,233,36.052,-17,-72.137,-90.007,126,86.897,20.998
-452,-269,25.467,-454,-13,21.603,149,171,67.405,-305,-19.531,120,-80,169,95.819,6,68,70.297,482,211,-22.146,456,91.286,430,31,498,-387,-80.446,-115,164,-83.196,15.214,393,386,416,-482,-93,329,73.827,411
-60.219,293,193,302,478,16.206,307,-298,237,-47,-18.096,41.279,239,-341,6.468,375,12.018,-276,7.913,-381,-316,-339,128,63.989,-44.915,53.827,-494,-34.727,-14.367,-21.895,-77.518,-463,157,71.739,172,0.442,63.425,11.989,-172,-41
-87.051,77.208,-366,-43.371,-26.514,53.465,-297,268,381,-17.105,-482,23,-415,-354,212,-437,-298,-244,66.344,193,-306,-86,3,-78,356,2.925,230,328,-208,-204,62.065,-61.687,-251,23.279,93.225,5.839,225,431,-454,23.688
-302,432,-84.971,-303,-362,-85.781,-369,-27.777,-1.864,270,309,14.554,-78.661,363,364,-4.939,86.67,71.231,367,-77,-180,310,84.671,78.369,-74.302,-15.218,-30.202,17.777,338,-14.335,50.636,381,318,-102,-253,187,487,478,-239,23.831
-42.445,81.264,-164,-224,-147,-309,-43.802,-98.402,176,118,62.423,259,289,55.298,-8.107,-263,-107,335,17.731,10,54,80,32.932,-57.734,45,45.389,-59.104,-397,-203,239,402,-96,50.7,-67.58,-211,-454,-74.057,-141,-284,-499
